"char;""storage"";""item"";""quantity""",
"Feary;""inventory"";""Autumnstone"";""1""",
"Feary;""inventory"";""Summerstone"";""1""",
"Feary;""inventory"";""Lacquer Tree Log"";""47""",
"Feary;""inventory"";""Thuellaic Ecu"";""1""",
"Feary;""inventory"";""Hearty Earring"";""1""",
"Feary;""inventory"";""Gem of the West"";""1""",
"Feary;""inventory"";""Straw Hat"";""1""",
"Feary;""inventory"";""Kazham Peppers"";""43""",
"Feary;""inventory"";""Dryad Root"";""38""",
"Feary;""inventory"";""Wind Crystal"";""1""",
"Feary;""inventory"";""Tropical Cactus"";""1""",
"Feary;""inventory"";""Sunflower Seeds"";""3""",
"Feary;""inventory"";""Alaunus's Cape"";""1""",
"Feary;""inventory"";""Dark Crystal"";""1""",
"Feary;""inventory"";""Linkpearl"";""1""",
"Feary;""inventory"";""Achaq Grip"";""1""",
"Feary;""inventory"";""Burdock"";""1""",
"Feary;""inventory"";""Chiner's Belt +1"";""1""",
"Feary;""inventory"";""Warp Ring"";""1""",
"Feary;""inventory"";""Gold Beastcoin"";""1""",
"Feary;""inventory"";""Beastly Shank"";""1""",
"Feary;""inventory"";""Moat Carp"";""3""",
"Feary;""inventory"";""Lightng. Crystal"";""1""",
"Feary;""inventory"";""Gem of the East"";""1""",
"Feary;""inventory"";""Gem of the South"";""1""",
"Feary;""slip 01"";""Usukane Sune-Ate"";""1""",
"Feary;""slip 01"";""Morrigan's Pgch."";""1""",
"Feary;""slip 01"";""Yigit Crackows"";""1""",
"Feary;""slip 01"";""Morrigan's Robe"";""1""",
"Feary;""slip 01"";""Ares' Sollerets"";""1""",
"Feary;""slip 01"";""Yigit Gomlek"";""1""",
"Feary;""slip 01"";""Pln. Khazagand"";""1""",
"Feary;""slip 01"";""Marduk's Jubbah"";""1""",
"Feary;""slip 01"";""Ares' Cuirass"";""1""",
"Feary;""slip 01"";""Perdu Voulge"";""1""",
"Feary;""slip 01"";""Marduk's Dastanas"";""1""",
"Feary;""slip 01"";""Denali Wristbands"";""1""",
"Feary;""slip 01"";""Delta Earring"";""1""",
"Feary;""slip 01"";""Ares' Gauntlets"";""1""",
"Feary;""slip 01"";""Yigit Gages"";""1""",
"Feary;""slip 01"";""Marduk's Crackows"";""1""",
"Feary;""slip 01"";""Morrigan's Coron."";""1""",
"Feary;""slip 01"";""Skadi's Cuirie"";""1""",
"Feary;""slip 01"";""Askar Zucchetto"";""1""",
"Feary;""slip 01"";""Njord's Jerkin"";""1""",
"Feary;""slip 01"";""Usukane Gote"";""1""",
"Feary;""slip 01"";""Storm Fife"";""1""",
"Feary;""slip 01"";""Usukane Hizayoroi"";""1""",
"Feary;""slip 01"";""Yigit Turban"";""1""",
"Feary;""slip 01"";""Pln. Seraweels"";""1""",
"Feary;""slip 01"";""Usukane Haramaki"";""1""",
"Feary;""slip 01"";""Yigit Seraweels"";""1""",
"Feary;""slip 01"";""Ares' Mask"";""1""",
"Feary;""slip 01"";""Marduk's Tiara"";""1""",
"Feary;""slip 01"";""Askar Korazin"";""1""",
"Feary;""slip 01"";""Perdu Sickle"";""1""",
"Feary;""slip 01"";""Denali Bonnet"";""1""",
"Feary;""slip 01"";""Skadi's Visor"";""1""",
"Feary;""slip 01"";""Omega Ring"";""1""",
"Feary;""slip 01"";""Ares' Flanchard"";""1""",
"Feary;""slip 01"";""Iota Ring"";""1""",
"Feary;""slip 01"";""Skadi's Bazubands"";""1""",
"Feary;""slip 01"";""Skadi's Chausses"";""1""",
"Feary;""slip 01"";""Morrigan's Slops"";""1""",
"Feary;""slip 01"";""Usukane Somen"";""1""",
"Feary;""slip 01"";""Morgana's Choker"";""1""",
"Feary;""slip 01"";""Morrigan's Cuffs"";""1""",
"Feary;""slip 02"";""Prudence Rod"";""1""",
"Feary;""slip 02"";""Hope Staff"";""1""",
"Feary;""slip 02"";""Zenith Mitts"";""1""",
"Feary;""slip 02"";""Shura Togi"";""1""",
"Feary;""slip 02"";""Suzaku's Scythe"";""1""",
"Feary;""slip 02"";""Crm. Scale Mail"";""1""",
"Feary;""slip 02"";""Hct. Leggings"";""1""",
"Feary;""slip 02"";""Dalmatica"";""1""",
"Feary;""slip 02"";""Hecatomb Mittens"";""1""",
"Feary;""slip 02"";""Zenith Slacks"";""1""",
"Feary;""slip 02"";""Hope Torque"";""1""",
"Feary;""slip 02"";""Homam Manopolas"";""1""",
"Feary;""slip 02"";""Crimson Mask"";""1""",
"Feary;""slip 02"";""Suzaku's Sune-Ate"";""1""",
"Feary;""slip 02"";""Homam Corazza"";""1""",
"Feary;""slip 02"";""Boxer's Mantle"";""1""",
"Feary;""slip 02"";""Koenig Schaller"";""1""",
"Feary;""slip 02"";""Homam Cosciales"";""1""",
"Feary;""slip 02"";""Zenith Crown"";""1""",
"Feary;""slip 02"";""Prudence Torque"";""1""",
"Feary;""slip 02"";""Zenith Pumps"";""1""",
"Feary;""slip 02"";""Justice Torque"";""1""",
"Feary;""slip 02"";""Kng. Handschuhs"";""1""",
"Feary;""slip 02"";""Seiryu's Sword"";""1""",
"Feary;""slip 02"";""Genbu's Kabuto"";""1""",
"Feary;""slip 02"";""Hecatomb Harness"";""1""",
"Feary;""slip 02"";""Byakko's Haidate"";""1""",
"Feary;""slip 02"";""Seiryu's Kote"";""1""",
"Feary;""slip 03"";""Ogier's Leggings"";""1""",
"Feary;""slip 03"";""Aurum Cuisses"";""1""",
"Feary;""slip 03"";""Ogier's Surcoat"";""1""",
"Feary;""slip 03"";""Oracle's Gloves"";""1""",
"Feary;""slip 03"";""Enkidu's Subligar"";""1""",
"Feary;""slip 03"";""Athos's Tabard"";""1""",
"Feary;""slip 03"";""Ogier's Gauntlets"";""1""",
"Feary;""slip 03"";""Oracle's Pigaches"";""1""",
"Feary;""slip 03"";""Aurum Sabatons"";""1""",
"Feary;""slip 03"";""Twilight Mail"";""1""",
"Feary;""slip 03"";""Oracle's Braconi"";""1""",
"Feary;""slip 03"";""Twilight Knife"";""1""",
"Feary;""slip 03"";""Rubeus Jacket"";""1""",
"Feary;""slip 03"";""Athos's Boots"";""1""",
"Feary;""slip 03"";""Enkidu's Mittens"";""1""",
"Feary;""slip 03"";""Twilight Scythe"";""1""",
"Feary;""slip 03"";""Rubeus Bandeau"";""1""",
"Feary;""slip 03"";""Rubeus Spats"";""1""",
"Feary;""slip 03"";""Rubeus Gloves"";""1""",
"Feary;""slip 03"";""Aurum Gauntlets"";""1""",
"Feary;""slip 03"";""Athos's Tights"";""1""",
"Feary;""slip 03"";""Twilight Torque"";""1""",
"Feary;""slip 03"";""Athos's Gloves"";""1""",
"Feary;""slip 03"";""Athos's Chapeau"";""1""",
"Feary;""slip 03"";""Ogier's Breeches"";""1""",
"Feary;""slip 03"";""Ogier's Helm"";""1""",
"Feary;""slip 03"";""Enkidu's Leggings"";""1""",
"Feary;""slip 03"";""Twilight Helm"";""1""",
"Feary;""slip 04"";""Runeist Bottes"";""1""",
"Feary;""slip 04"";""Corsair's Bottes"";""1""",
"Feary;""slip 04"";""Chaos Cuirass"";""1""",
"Feary;""slip 04"";""Runeist Trousers"";""1""",
"Feary;""slip 04"";""Warlock's Tabard"";""1""",
"Feary;""slip 04"";""Healer's Briault"";""1""",
"Feary;""slip 04"";""Chaos Flanchard"";""1""",
"Feary;""slip 04"";""Chaos Sollerets"";""1""",
"Feary;""slip 04"";""Dancer's Bangles"";""1""",
"Feary;""slip 04"";""Corsair's Tricorne"";""1""",
"Feary;""slip 04"";""Evoker's Spats"";""1""",
"Feary;""slip 04"";""Healer's Cap"";""1""",
"Feary;""slip 04"";""Beast Trousers"";""1""",
"Feary;""slip 04"";""Wizard's Gloves"";""1""",
"Feary;""slip 04"";""Runeist Coat"";""1""",
"Feary;""slip 04"";""Runeist Mitons"";""1""",
"Feary;""slip 04"";""Chaos Gauntlets"";""1""",
"Feary;""slip 04"";""Runeist Bandeau"";""1""",
"Feary;""slip 04"";""Filiae Bell"";""1""",
"Feary;""slip 04"";""Beorc Sword"";""1""",
"Feary;""slip 04"";""Scholar's Gown"";""1""",
"Feary;""slip 04"";""Healer's Duckbills"";""1""",
"Feary;""slip 04"";""Magus Keffiyeh"";""1""",
"Feary;""slip 04"";""Wizard's Petasos"";""1""",
"Feary;""slip 04"";""Scholar's Bracers"";""1""",
"Feary;""slip 04"";""War Hoop"";""1""",
"Feary;""slip 04"";""Scholar's M.board"";""1""",
"Feary;""slip 04"";""Corsair's Gants"";""1""",
"Feary;""slip 04"";""Evoker's Bracers"";""1""",
"Feary;""slip 04"";""Turbo Animator"";""1""",
"Feary;""slip 04"";""Beast Gloves"";""1""",
"Feary;""slip 04"";""Wizard's Tonban"";""1""",
"Feary;""slip 06"";""Sorcerer's Tonban"";""1""",
"Feary;""slip 06"";""Pantin Cape"";""1""",
"Feary;""slip 06"";""Bard's Cape"";""1""",
"Feary;""slip 06"";""Melee Crown"";""1""",
"Feary;""slip 06"";""Duelist's Belt"";""1""",
"Feary;""slip 06"";""Sorcerer's Sabots"";""1""",
"Feary;""slip 06"";""Argute Belt"";""1""",
"Feary;""slip 06"";""Etoile Cape"";""1""",
"Feary;""slip 06"";""Melee Cape"";""1""",
"Feary;""slip 06"";""Mirage Shalwar"";""1""",
"Feary;""slip 06"";""Commodore Belt"";""1""",
"Feary;""slip 06"";""Pantin Dastanas"";""1""",
"Feary;""slip 06"";""Wyrm Belt"";""1""",
"Feary;""slip 06"";""Valor Cape"";""1""",
"Feary;""slip 06"";""Abyss Burgeonet"";""1""",
"Feary;""slip 06"";""Abyss Flanchard"";""1""",
"Feary;""slip 06"";""Mirage Mantle"";""1""",
"Feary;""slip 06"";""Summoner's Cape"";""1""",
"Feary;""slip 06"";""Koga Sarashi"";""1""",
"Feary;""slip 06"";""Assassin's Cape"";""1""",
"Feary;""slip 06"";""Sorcerer's Gloves"";""1""",
"Feary;""slip 06"";""Cleric's Mitts"";""1""",
"Feary;""slip 06"";""Saotome Haidate"";""1""",
"Feary;""slip 06"";""Monster Belt"";""1""",
"Feary;""slip 06"";""Warrior's Stone"";""1""",
"Feary;""slip 06"";""Cleric's Belt"";""1""",
"Feary;""slip 06"";""Abyss Cape"";""1""",
"Feary;""slip 06"";""Sao. Koshi-Ate"";""1""",
"Feary;""slip 06"";""Sorcerer's Petas."";""1""",
"Feary;""slip 06"";""Sorcerer's Belt"";""1""",
"Feary;""slip 08"";""Orison Locket"";""1""",
"Feary;""slip 08"";""Mavi Earring"";""1""",
"Feary;""slip 08"";""Lancer's Pelerine"";""1""",
"Feary;""slip 08"";""Lancer's Torque"";""1""",
"Feary;""slip 08"";""Ferine Earring"";""1""",
"Feary;""slip 08"";""Bale Earring"";""1""",
"Feary;""slip 08"";""Unkai Sugemino"";""1""",
"Feary;""slip 08"";""Aoidos' Earring"";""1""",
"Feary;""slip 08"";""Estoqueur's Cape"";""1""",
"Feary;""slip 08"";""Cirque Sash"";""1""",
"Feary;""slip 08"";""Orison Earring"";""1""",
"Feary;""slip 08"";""Ravager's Earring"";""1""",
"Feary;""slip 08"";""Estq. Earring"";""1""",
"Feary;""slip 08"";""Creed Collar"";""1""",
"Feary;""slip 08"";""Creed Earring"";""1""",
"Feary;""slip 08"";""Mavi Tathlum"";""1""",
"Feary;""slip 08"";""Charis Earring"";""1""",
"Feary;""slip 08"";""Iga Dochugappa"";""1""",
"Feary;""slip 08"";""Estoqueur's Collar"";""1""",
"Feary;""slip 08"";""Cirque Earring"";""1""",
"Feary;""slip 08"";""Caller's Earring"";""1""",
"Feary;""slip 08"";""Ferine Mantle"";""1""",
"Feary;""slip 08"";""Unkai Mimikazari"";""1""",
"Feary;""slip 08"";""Tantra Earring"";""1""",
"Feary;""slip 08"";""Savant's Chain"";""1""",
"Feary;""slip 08"";""Raider's Earring"";""1""",
"Feary;""slip 08"";""Ferine Necklace"";""1""",
"Feary;""slip 08"";""Ravager's Orb"";""1""",
"Feary;""slip 08"";""Bale Choker"";""1""",
"Feary;""slip 08"";""Sylvan Scarf"";""1""",
"Feary;""slip 08"";""Goetia Earring"";""1""",
"Feary;""slip 08"";""Goetia Mantle"";""1""",
"Feary;""slip 08"";""Tantra Tathlum"";""1""",
"Feary;""slip 08"";""Charis Feather"";""1""",
"Feary;""slip 10"";""Lncr. Vmbrc. +2"";""1""",
"Feary;""slip 10"";""Savant's Gown +2"";""1""",
"Feary;""slip 10"";""Creed Sabatons +2"";""1""",
"Feary;""slip 10"";""Goetia Coat +2"";""1""",
"Feary;""slip 10"";""Tantra Crown +2"";""1""",
"Feary;""slip 10"";""Call. Bracers +2"";""1""",
"Feary;""slip 10"";""Cirque Scarpe +2"";""1""",
"Feary;""slip 10"";""Raider's Vest +2"";""1""",
"Feary;""slip 10"";""Tantra Gloves +2"";""1""",
"Feary;""slip 10"";""Bale Gauntlets +2"";""1""",
"Feary;""slip 10"";""Charis Shoes +2"";""1""",
"Feary;""slip 10"";""Cirque Guanti +2"";""1""",
"Feary;""slip 10"";""Charis Bangles +2"";""1""",
"Feary;""slip 10"";""Lancer's Mezail +2"";""1""",
"Feary;""slip 10"";""Ferine Cabasset +2"";""1""",
"Feary;""slip 10"";""Raid. Culottes +2"";""1""",
"Feary;""slip 10"";""Caller's Horn +2"";""1""",
"Feary;""slip 10"";""Savant's Pants +2"";""1""",
"Feary;""slip 10"";""Lncr. Schynbld. +2"";""1""",
"Feary;""slip 10"";""Bale Burgeonet +2"";""1""",
"Feary;""slip 10"";""Goetia Gloves +2"";""1""",
"Feary;""slip 10"";""Charis Tights +2"";""1""",
"Feary;""slip 10"";""Tantra Hose +2"";""1""",
"Feary;""slip 10"";""Charis Tiara +2"";""1""",
"Feary;""slip 10"";""Ferine Gausape +2"";""1""",
"Feary;""slip 10"";""Goet. Chausses +2"";""1""",
"Feary;""slip 10"";""Tantra Gaiters +2"";""1""",
"Feary;""slip 12"";""War. Lorica -1"";""1""",
"Feary;""slip 12"";""War. Calligae -1"";""1""",
"Feary;""slip 12"";""Sao. Domaru -1"";""1""",
"Feary;""slip 12"";""Mst. Gaiters -1"";""1""",
"Feary;""slip 12"";""Src. Coat -1"";""1""",
"Feary;""slip 12"";""Etoile Shoes -1"";""1""",
"Feary;""slip 12"";""Mirage Jubbah -1"";""1""",
"Feary;""slip 12"";""Kog. Hakama -1"";""1""",
"Feary;""slip 12"";""Abs. Burgeonet -1"";""1""",
"Feary;""slip 12"";""Abs. Sollerets -1"";""1""",
"Feary;""slip 12"";""Mel. Cyclas -1"";""1""",
"Feary;""slip 12"";""Asn. Poulaines -1"";""1""",
"Feary;""slip 12"";""Etoile Casaque -1"";""1""",
"Feary;""slip 12"";""Argute M.board -1"";""1""",
"Feary;""slip 12"";""Clr. Pantaln. -1"";""1""",
"Feary;""slip 12"";""Src. Sabots -1"";""1""",
"Feary;""slip 12"";""Comm. Tricorne -1"";""1""",
"Feary;""slip 12"";""Src. Petasos -1"";""1""",
"Feary;""slip 12"";""Ptn. Churidars -1"";""1""",
"Feary;""slip 12"";""Mirage Charuqs -1"";""1""",
"Feary;""slip 12"";""Clr. Duckbills -1"";""1""",
"Feary;""slip 14"";""Nares Clogs"";""1""",
"Feary;""slip 14"";""Fea's Coronal"";""1""",
"Feary;""slip 14"";""Neit's Slops"";""1""",
"Feary;""slip 14"";""Idi's Jerkin"";""1""",
"Feary;""slip 14"";""Namru's Crackows"";""1""",
"Feary;""slip 14"";""Phorcys Schuhs"";""1""",
"Feary;""slip 14"";""Phorcys Salade"";""1""",
"Feary;""slip 14"";""Thaumas Nails"";""1""",
"Feary;""slip 14"";""Thaumas Coat"";""1""",
"Feary;""slip 14"";""Thaumas Gloves"";""1""",
"Feary;""slip 14"";""Skadi's Visor +1"";""1""",
"Feary;""slip 14"";""Mdk. Shalwar +1"";""1""",
"Feary;""slip 14"";""Phorcys Dirs"";""1""",
"Feary;""slip 14"";""Phorcys Mitts"";""1""",
"Feary;""slip 15"";""Wakido Kote"";""1""",
"Feary;""slip 15"";""Foire Taj"";""1""",
"Feary;""slip 15"";""Con. Pigaches"";""1""",
"Feary;""slip 15"";""Foire Tobe"";""1""",
"Feary;""slip 15"";""Ignominy Burgeonet"";""1""",
"Feary;""slip 15"";""Anchorite's Gloves"";""1""",
"Feary;""slip 15"";""Anchorite's Hose"";""1""",
"Feary;""slip 15"";""Anchorite's Crown"";""1""",
"Feary;""slip 15"";""Maxixi Shoes"";""1""",
"Feary;""slip 15"";""Pumm. Mufflers"";""1""",
"Feary;""slip 15"";""Wakido Kabuto"";""1""",
"Feary;""slip 15"";""Convoker's Horn"";""1""",
"Feary;""slip 15"";""Totemic Helm"";""1""",
"Feary;""slip 15"";""Pummeler's Lorica"";""1""",
"Feary;""slip 15"";""Anchorite's Cyclas"";""1""",
"Feary;""slip 15"";""Anch. Gaiters"";""1""",
"Feary;""slip 15"";""Hachiya Kyahan"";""1""",
"Feary;""slip 15"";""Totemic Jackcoat"";""1""",
"Feary;""slip 15"";""Brioso Cannions"";""1""",
"Feary;""slip 15"";""Hachiya Hakama"";""1""",
"Feary;""slip 15"";""Pumm. Calligae"";""1""",
"Feary;""slip 15"";""Totemic Gaiters"";""1""",
"Feary;""slip 15"";""Hachiya Tekko"";""1""",
"Feary;""slip 15"";""Wakido Domaru"";""1""",
"Feary;""slip 15"";""Convo. Doublet"";""1""",
"Feary;""slip 15"";""Maxixi Tiara"";""1""",
"Feary;""slip 15"";""Maxixi Tights"";""1""",
"Feary;""slip 15"";""Hachiya Hatsuburi"";""1""",
"Feary;""slip 15"";""Maxixi Casaque"";""1""",
"Feary;""slip 15"";""Pumm. Cuisses"";""1""",
"Feary;""slip 15"";""Pummeler's Mask"";""1""",
"Feary;""slip 15"";""Foire Babouches"";""1""",
"Feary;""slip 15"";""Foire Dastanas"";""1""",
"Feary;""slip 15"";""Rev. Gauntlets"";""1""",
"Feary;""slip 15"";""Foire Churidars"";""1""",
"Feary;""slip 15"";""Hachi. Chainmail"";""1""",
"Feary;""slip 16"";""Waki. Sune-Ate +1"";""1""",
"Feary;""slip 16"";""Wakido Haidate +1"";""1""",
"Feary;""slip 17"";""Futhark Coat"";""1""",
"Feary;""slip 17"";""Glyphic Pigaches"";""1""",
"Feary;""slip 17"";""Agoge Cuisses"";""1""",
"Feary;""slip 17"";""Fallen's Cuirass"";""1""",
"Feary;""slip 17"";""Horos Tights"";""1""",
"Feary;""slip 17"";""Sakonji Kabuto"";""1""",
"Feary;""slip 17"";""Sakonji Sune-Ate"";""1""",
"Feary;""slip 17"";""Futhark Trousers"";""1""",
"Feary;""slip 17"";""Agoge Lorica"";""1""",
"Feary;""slip 17"";""Glyphic Bracers"";""1""",
"Feary;""slip 17"";""Horos Casaque"";""1""",
"Feary;""slip 17"";""Pitre Tobe"";""1""",
"Feary;""slip 17"";""Hes. Hose"";""1""",
"Feary;""slip 17"";""Sakonji Kote"";""1""",
"Feary;""slip 17"";""Horos Toe Shoes"";""1""",
"Feary;""slip 17"";""Glyphic Spats"";""1""",
"Feary;""slip 17"";""Ankusa Helm"";""1""",
"Feary;""slip 17"";""Ankusa Trousers"";""1""",
"Feary;""slip 17"";""Hes. Gaiters"";""1""",
"Feary;""slip 17"";""Agoge Calligae"";""1""",
"Feary;""slip 17"";""Hes. Cyclas"";""1""",
"Feary;""slip 17"";""Hes. Gloves"";""1""",
"Feary;""slip 17"";""Pitre Babouches"";""1""",
"Feary;""slip 17"";""Futhark Bandeau"";""1""",
"Feary;""slip 17"";""Horos Bangles"";""1""",
"Feary;""slip 17"";""Glyphic Horn"";""1""",
"Feary;""slip 17"";""Plun. Bonnet"";""1""",
"Feary;""slip 17"";""Mochi. Chainmail"";""1""",
"Feary;""slip 17"";""Fallen's Sollerets"";""1""",
"Feary;""slip 17"";""Horos Tiara"";""1""",
"Feary;""slip 17"";""Fall. Fin. Gaunt."";""1""",
"Feary;""slip 17"";""Futhark Boots"";""1""",
"Feary;""slip 17"";""Sakonji Domaru"";""1""",
"Feary;""slip 17"";""Pitre Taj"";""1""",
"Feary;""slip 17"";""Agoge Mufflers"";""1""",
"Feary;""slip 17"";""Pitre Churidars"";""1""",
"Feary;""slip 17"";""Glyphic Doublet"";""1""",
"Feary;""slip 17"";""Mochizuki Kyahan"";""1""",
"Feary;""slip 17"";""Mochizuki Tekko"";""1""",
"Feary;""slip 17"";""Mochizuki Hakama"";""1""",
"Feary;""slip 17"";""Futhark Mitons"";""1""",
"Feary;""slip 17"";""Ankusa Gaiters"";""1""",
"Feary;""slip 17"";""Agoge Mask"";""1""",
"Feary;""slip 17"";""Ankusa Gloves"";""1""",
"Feary;""slip 17"";""Mochi. Hatsuburi"";""1""",
"Feary;""slip 17"";""Ankusa Jackcoat"";""1""",
"Feary;""slip 18"";""Bihu Cuffs +1"";""1""",
"Feary;""slip 20"";""Heathen's Cuirass"";""1""",
"Feary;""slip 20"";""Karagoz Pantaloni"";""1""",
"Feary;""slip 20"";""Nukumi Ocreae"";""1""",
"Feary;""slip 20"";""Hattori Hakama"";""1""",
"Feary;""slip 20"";""Hattori Tekko"";""1""",
"Feary;""slip 20"";""Kasuga Kote"";""1""",
"Feary;""slip 20"";""Erilaz Greaves"";""1""",
"Feary;""slip 20"";""Erilaz Gauntlets"";""1""",
"Feary;""slip 20"";""Kasuga Kabuto"";""1""",
"Feary;""slip 20"";""Kasuga Domaru"";""1""",
"Feary;""slip 20"";""Beckoner's Spats"";""1""",
"Feary;""slip 20"";""Kasuga Haidate"";""1""",
"Feary;""slip 20"";""Kasuga Sune-Ate"";""1""",
"Feary;""slip 20"";""Boii Mufflers"";""1""",
"Feary;""slip 20"";""Erilaz Galea"";""1""",
"Feary;""slip 20"";""Heath. Flanchard"";""1""",
"Feary;""slip 20"";""Maculele Casaque"";""1""",
"Feary;""slip 20"";""Beckoner's Doublet"";""1""",
"Feary;""slip 20"";""Nukumi Manoplas"";""1""",
"Feary;""slip 20"";""Hattori Ningi"";""1""",
"Feary;""slip 20"";""Boii Cuisses"";""1""",
"Feary;""slip 20"";""Erilaz Leg Guards"";""1""",
"Feary;""slip 20"";""Erilaz Surcoat"";""1""",
"Feary;""slip 20"";""Heath. Sollerets"";""1""",
"Feary;""slip 20"";""Boii Lorica"";""1""",
"Feary;""slip 20"";""Boii Calligae"";""1""",
"Feary;""slip 20"";""Karagoz Farsetto"";""1""",
"Feary;""slip 20"";""Chev. Gauntlets"";""1""",
"Feary;""slip 20"";""Karagoz Capello"";""1""",
"Feary;""slip 20"";""Boii Mask"";""1""",
"Feary;""slip 20"";""Beck. Pigaches"";""1""",
"Feary;""slip 20"";""Hattori Kyahan"";""1""",
"Feary;""slip 20"";""Hattori Zukin"";""1""",
"Feary;""slip 20"";""Chevalier's Armet"";""1""",
"Feary;""slip 20"";""Nukumi Quijotes"";""1""",
"Feary;""slip 20"";""Bhikku Cyclas"";""1""",
"Feary;""slip 20"";""Chevalier's Cuisses"";""1""",
"Feary;""key items"";""crimson orb"";""1""",
"Feary;""key items"";""Atmacite of the Slayer"";""1""",
"Feary;""key items"";""Atma of the Merciless Matriarch"";""1""",
"Feary;""key items"";""Way of the Carpenter"";""1""",
"Feary;""key items"";""""MHMU Treatise on Fish II"""";""1""",
"Feary;""key items"";""sticky gnat wing"";""1""",
"Feary;""key items"";""Atma of the Golden Claw"";""1""",
"Feary;""key items"";""Atma of the Scarlet Wing"";""1""",
"Feary;""key items"";""Atma of the Zenith"";""1""",
"Feary;""key items"";""colorful demilune abyssite"";""1""",
"Feary;""key items"";""map of Dynamis - Buburimu"";""1""",
"Feary;""key items"";""warped iron giant nail"";""1""",
"Feary;""key items"";""""Encyclopedia Icthyonnica"""";""1""",
"Feary;""key items"";""Scripture of Wind"";""1""",
"Feary;""key items"";""Atmacite of Enticement"";""1""",
"Feary;""key items"";""Atma of Illusions"";""1""",
"Feary;""key items"";""Black Card"";""1""",
"Feary;""key items"";""Atmacite of Deluges"";""1""",
"Feary;""key items"";""job gesture: dark knight"";""1""",
"Feary;""key items"";""lunar abyssite"";""1""",
"Feary;""key items"";""Atma of the Griffon's Claw"";""1""",
"Feary;""key items"";""prismatic fragment"";""1""",
"Feary;""key items"";""periapt of emergence"";""1""",
"Feary;""key items"";""map of Dio. Abdhaljs-Ghelsba"";""1""",
"Feary;""key items"";""ashen stratum abyssite III"";""1""",
"Feary;""key items"";""jade abyssite of lenity"";""1""",
"Feary;""key items"";""periapt of percipience"";""1""",
"Feary;""key items"";""memorandoll"";""1""",
"Feary;""key items"";""Atma of the Banisher"";""1""",
"Feary;""key items"";""map of Tavnazia"";""1""",
"Feary;""key items"";""""Varicose Mineral Veins"""";""1""",
"Feary;""key items"";""job gesture: paladin"";""1""",
"Feary;""key items"";""grimoire"";""1""",
"Feary;""key items"";""Atmacite of Imperium"";""1""",
"Feary;""key items"";""Atma of the Fallen One"";""1""",
"Feary;""key items"";""Dhokmak's blood sigil"";""1""",
"Feary;""key items"";""Assault armband"";""1""",
"Feary;""key items"";""traverser stone"";""1""",
"Feary;""key items"";""eschan cellar"";""1""",
"Feary;""key items"";""abyssite of the cosmos"";""1""",
"Feary;""key items"";""map of the Horutoto Ruins"";""1""",
"Feary;""key items"";""decayed dvergr tooth"";""1""",
"Feary;""key items"";""map of Ordelle's Caves"";""1""",
"Feary;""key items"";""map of the Northlands area"";""1""",
"Feary;""key items"";""Hydra Corps Insignia"";""1""",
"Feary;""key items"";""Atma of the Siren Shadow"";""1""",
"Feary;""key items"";""airship pass for Kazham"";""1""",
"Feary;""key items"";""azure abyssite of merit"";""1""",
"Feary;""key items"";""periapt of emergence"";""1""",
"Feary;""key items"";""battle trophy: 1st echelon"";""1""",
"Feary;""key items"";""earthen charm"";""1""",
"Feary;""key items"";""Parradamo supply pack"";""1""",
"Feary;""key items"";""impure phlox yggzi"";""1""",
"Feary;""key items"";""battle trophy: 3rd echelon"";""1""",
"Feary;""key items"";""Mooching"";""1""",
"Feary;""key items"";""map of Abyssea - Misareaux"";""1""",
"Feary;""key items"";""Bastok warp rune"";""1""",
"Feary;""key items"";""Atma of Echoes"";""1""",
"Feary;""key items"";""Atma of Dread"";""1""",
"Feary;""key items"";""boarding permit"";""1""",
"Feary;""key items"";""voidstone"";""1""",
"Feary;""key items"";""job breaker"";""1""",
"Feary;""key items"";""map of Dynamis - Xarcabard"";""1""",
"Feary;""key items"";""Atma of the Kirin"";""1""",
"Feary;""key items"";""runic portal use permit"";""1""",
"Feary;""key items"";""♪Crab companion"";""1""",
"Feary;""key items"";""map of the Dangruf Wadi"";""1""",
"Feary;""key items"";""vial of shrouded sand"";""1""",
"Feary;""key items"";""bloodied bat fur"";""1""",
"Feary;""key items"";""prototype attuner"";""1""",
"Feary;""key items"";""ivory abyssite of perspicacity"";""1""",
"Feary;""key items"";""vivid periapt of concord"";""1""",
"Feary;""key items"";""Atma of the Horned Beast"";""1""",
"Feary;""key items"";""Atma of the Smoldering Sky"";""1""",
"Feary;""key items"";""runic key"";""1""",
"Feary;""key items"";""dimensional compass"";""1""",
"Feary;""key items"";""indigo stratum abyssite IV"";""1""",
"Feary;""key items"";""Mark of the Einherjar"";""1""",
"Feary;""key items"";""Atma of the Cosmos"";""1""",
"Feary;""key items"";""Hydra Corps Battle Standard"";""1""",
"Feary;""key items"";""tricolor Voidwatcher's emblem"";""1""",
"Feary;""key items"";""scarlet abyssite of kismet"";""1""",
"Feary;""key items"";""Atma of Apparitions"";""1""",
"Feary;""key items"";""Atma of Aquatic Ardor"";""1""",
"Feary;""key items"";""voidstone"";""1""",
"Feary;""key items"";""Atma of the Rapid Reptilian"";""1""",
"Feary;""key items"";""""My First Furrow"""";""1""",
"Feary;""key items"";""azure abyssite of lenity"";""1""",
"Feary;""key items"";""Cosmo-Cleanse"";""1""",
"Feary;""key items"";""semi-pure celadon yggzi"";""1""",
"Feary;""key items"";""Atma of the Burning Effigy"";""1""",
"Feary;""key items"";""""Watercrafting"""";""1""",
"Feary;""key items"";""""The Essence of Dance"""";""1""",
"Feary;""key items"";""""Dredging's No Drudgery"""";""1""",
"Feary;""key items"";""timber survey checklist"";""1""",
"Feary;""key items"";""jade abyssite of merit"";""1""",
"Feary;""key items"";""Shard of Arrogance"";""1""",
"Feary;""key items"";""Atma of the Razed Ruins"";""1""",
"Feary;""key items"";""""The Healing Herb"""";""1""",
"Feary;""key items"";""Atma of the Solitary One"";""1""",
"Feary;""key items"";""Altepa gate crystal"";""1""",
"Feary;""key items"";""Shard of Cowardice"";""1""",
"Feary;""key items"";""Dem gate crystal"";""1""",
"Feary;""key items"";""dusky periapt of concentration"";""1""",
"Feary;""key items"";""Atma of the Adamantine"";""1""",
"Feary;""key items"";""censer of animus"";""1""",
"Feary;""key items"";""Rabao warp rune"";""1""",
"Feary;""key items"";""Atma of the Despot"";""1""",
"Feary;""key items"";""Seedspall Roseum"";""1""",
"Feary;""key items"";""verm. abyssite of perspicacity"";""1""",
"Feary;""key items"";""Jugner gate crystal"";""1""",
"Feary;""key items"";""squire certificate"";""1""",
"Feary;""key items"";""""Verdant and Verdon'ts"""";""1""",
"Feary;""key items"";""job gesture: thief"";""1""",
"Feary;""key items"";""Dkhaaya's research journal"";""1""",
"Feary;""key items"";""Atma of Perfect Attendance"";""1""",
"Feary;""key items"";""dusky periapt of prudence"";""1""",
"Feary;""key items"";""traverser stone"";""1""",
"Feary;""key items"";""Rhinostery certificate"";""1""",
"Feary;""key items"";""goldsmithing order"";""1""",
"Feary;""key items"";""rainbow resonator"";""1""",
"Feary;""key items"";""Atma of the Beast King"";""1""",
"Feary;""key items"";""heart of the bushin"";""1""",
"Feary;""key items"";""Atma of the Frozen Fetters"";""1""",
"Feary;""key items"";""""Sow★Your★Seed!"""";""1""",
"Feary;""key items"";""scarlet abyssite of lenity"";""1""",
"Feary;""key items"";""ivory abyssite of sojourn"";""1""",
"Feary;""key items"";""Pashhow gate crystal"";""1""",
"Feary;""key items"";""Delkfutt key"";""1""",
"Feary;""key items"";""map of Dynamis - Tavnazia"";""1""",
"Feary;""key items"";""Mea gate crystal"";""1""",
"Feary;""key items"";""Phoenix's blessing"";""1""",
"Feary;""key items"";""Vahzl gate crystal"";""1""",
"Feary;""key items"";""Shard of Apathy"";""1""",
"Feary;""key items"";""Atma of the Sea Daughter"";""1""",
"Feary;""key items"";""Atma of the Desert Worm"";""1""",
"Feary;""key items"";""bloodied saber tooth"";""1""",
"Feary;""key items"";""Data Analyzer and Logger EX"";""1""",
"Feary;""key items"";""Atma of the Voracious Violet"";""1""",
"Feary;""key items"";""cast metal plate"";""1""",
"Feary;""key items"";""Atma of the Strangling Wind"";""1""",
"Feary;""key items"";""Atma of the Stronghold"";""1""",
"Feary;""key items"";""Meriphataud gate crystal"";""1""",
"Feary;""key items"";""Shadow Lord phantom gem"";""1""",
"Feary;""key items"";""San d'Oria Trust permit"";""1""",
"Feary;""key items"";""tattered Maze Monger pouch"";""1""",
"Feary;""key items"";""veinous hecteyes eyelid"";""1""",
"Feary;""key items"";""Atma of the Ebon Hoof"";""1""",
"Feary;""key items"";""Rosulatia's pome"";""1""",
"Feary;""key items"";""crimson abyssite of acumen"";""1""",
"Feary;""key items"";""Atma of the Deep Devourer"";""1""",
"Feary;""key items"";""emerald abyssite of lenity"";""1""",
"Feary;""key items"";""ivory abyssite of avarice"";""1""",
"Feary;""key items"";""Atma of the Undying"";""1""",
"Feary;""key items"";""job gesture: bard"";""1""",
"Feary;""key items"";""Sicklemoon salt"";""1""",
"Feary;""key items"";""Tenshodo Member's Card"";""1""",
"Feary;""key items"";""Atma of Stormbreath"";""1""",
"Feary;""key items"";""map of Temple of Uggalepih"";""1""",
"Feary;""key items"";""map of Newton Movalpolos"";""1""",
"Feary;""key items"";""Atma of the Lion"";""1""",
"Feary;""key items"";""Atmacite of the Forager"";""1""",
"Feary;""key items"";""steaming cerberus tongue"";""1""",
"Feary;""key items"";""water sap crystal"";""1""",
"Feary;""key items"";""Mega Moglification: Woodwork."";""1""",
"Feary;""key items"";""Remnants Permit"";""1""",
"Feary;""key items"";""Captain Wildcat badge"";""1""",
"Feary;""key items"";""map of Rala Waterways"";""1""",
"Feary;""key items"";""map of Cirdas Caverns"";""1""",
"Feary;""key items"";""map of Castle Oztroja"";""1""",
"Feary;""key items"";""job gesture: monk"";""1""",
"Feary;""key items"";""maddening petrifact"";""1""",
"Feary;""key items"";""Atma of the Baying Moon"";""1""",
"Feary;""key items"";""job gesture: samurai"";""1""",
"Feary;""key items"";""sapphire abyssite of fortune"";""1""",
"Feary;""key items"";""♪Warmachine companion"";""1""",
"Feary;""key items"";""♪Tulfaire companion"";""1""",
"Feary;""key items"";""Brugaire goods"";""1""",
"Feary;""key items"";""♪Tiger companion"";""1""",
"Feary;""key items"";""♪Raptor companion"";""1""",
"Feary;""key items"";""Moonlit Path phantom gem"";""1""",
"Feary;""key items"";""shimmering invitation"";""1""",
"Feary;""key items"";""map of Bostaunieux Oubliette"";""1""",
"Feary;""key items"";""Mog Kupon W-EMI"";""1""",
"Feary;""key items"";""Whitegate warp rune"";""1""",
"Feary;""key items"";""letter from Shikaree X"";""1""",
"Feary;""key items"";""trainer's whistle"";""1""",
"Feary;""key items"";""Nashmau warp rune"";""1""",
"Feary;""key items"";""Ambuscade Primer Volume Two"";""1""",
"Feary;""key items"";""portal charm"";""1""",
"Feary;""key items"";""dragon hatchling memento"";""1""",
"Feary;""key items"";""map of the Zeruhn Mines"";""1""",
"Feary;""key items"";""golden shovel cordon"";""1""",
"Feary;""key items"";""job gesture: rune fencer"";""1""",
"Feary;""key items"";""job gesture: geomancer"";""1""",
"Feary;""key items"";""macabre simulacrum"";""1""",
"Feary;""key items"";""Atmacite of Affinity"";""1""",
"Feary;""key items"";""Waking Dreams phantom gem"";""1""",
"Feary;""key items"";""Hen. FB op. materials container"";""1""",
"Feary;""key items"";""chipped sandworm tooth"";""1""",
"Feary;""key items"";""eschan urn"";""1""",
"Feary;""key items"";""""Scintillating Rhapsody"""";""1""",
"Feary;""key items"";""clump of animal hair"";""1""",
"Feary;""key items"";""""Susuroon's Biiig Catch"""";""1""",
"Feary;""key items"";""tray of Adoulinian delicacies"";""1""",
"Feary;""key items"";""colorful abyssite"";""1""",
"Feary;""key items"";""""Rhapsody in Fuchsia"""";""1""",
"Feary;""key items"";""Atma of the Savage Tiger"";""1""",
"Feary;""key items"";""""Rhapsody in Mauve"""";""1""",
"Feary;""key items"";""Angelica's letter"";""1""",
"Feary;""key items"";""insulator tablet"";""1""",
"Feary;""key items"";""""Rhapsody in Azure"""";""1""",
"Feary;""key items"";""map of Giddeus"";""1""",
"Feary;""key items"";""ornate stool"";""1""",
"Feary;""key items"";""Atma of the Holy Mountain"";""1""",
"Feary;""key items"";""Atma of the Apocalypse"";""1""",
"Feary;""key items"";""""Rhapsody in Umber"""";""1""",
"Feary;""key items"";""""Rhapsody in White"""";""1""",
"Feary;""key items"";""torn bat wing"";""1""",
"Feary;""key items"";""warped chariot plate"";""1""",
"Feary;""key items"";""""Sakura and the Cactus Corps"""";""1""",
"Feary;""key items"";""Celestial Nexus phantom gem"";""1""",
"Feary;""key items"";""Atmacite of the Shrewd"";""1""",
"Feary;""key items"";""Atma of the Winged Gloom"";""1""",
"Feary;""key items"";""""Sakura's Excellent Adventure"""";""1""",
"Feary;""key items"";""Atmacite of Curses"";""1""",
"Feary;""key items"";""semi-pure alizarin yggzi"";""1""",
"Feary;""key items"";""voidstone"";""1""",
"Feary;""key items"";""impure aster yggzi"";""1""",
"Feary;""key items"";""""Climbing"""";""1""",
"Feary;""key items"";""Atmacite of the Solipsist"";""1""",
"Feary;""key items"";""""Sakura and the Fountain"""";""1""",
"Feary;""key items"";""sheet of Promathia tunes"";""1""",
"Feary;""key items"";""Cheer: Limascabra"";""1""",
"Feary;""key items"";""vivid periapt of glory"";""1""",
"Feary;""key items"";""wyvern memento"";""1""",
"Feary;""key items"";""song of hope"";""1""",
"Feary;""key items"";""great ferromantoise memento"";""1""",
"Feary;""key items"";""viridian abyssite of avarice"";""1""",
"Feary;""key items"";""Atma of Cloak and Dagger"";""1""",
"Feary;""key items"";""baby adamantoise memento"";""1""",
"Feary;""key items"";""ivory abyssite of celerity"";""1""",
"Feary;""key items"";""limascabra memento"";""1""",
"Feary;""key items"";""uragnite youngling memento"";""1""",
"Feary;""key items"";""astral covenant"";""1""",
"Feary;""key items"";""karakul memento"";""1""",
"Feary;""key items"";""lamb memento"";""1""",
"Feary;""key items"";""""Sakura and the Magic Spoon"""";""1""",
"Feary;""key items"";""marbled mutton chop"";""1""",
"Feary;""key items"";""aged Matriarch Naakual crest"";""1""",
"Feary;""key items"";""Arciela's skirt"";""1""",
"Feary;""key items"";""Arciela's spare bonnet"";""1""",
"Feary;""key items"";""Teodor's blood sigil"";""1""",
"Feary;""key items"";""""Arboreal Abracadabra"""";""1""",
"Feary;""key items"";""Velkk fetish"";""1""",
"Feary;""key items"";""bronze shovel cordon"";""1""",
"Feary;""key items"";""geomagnetic compass"";""1""",
"Feary;""key items"";""sepulcher ensign"";""1""",
"Feary;""key items"";""indigo abyssite of sojourn"";""1""",
"Feary;""key items"";""Atma of Entwined Serpents"";""1""",
"Feary;""key items"";""bracelet of verve"";""1""",
"Feary;""key items"";""Legacy phantom gem"";""1""",
"Feary;""key items"";""map of Abyssea - Attohwa"";""1""",
"Feary;""key items"";""""Rhapsody in Emerald"""";""1""",
"Feary;""key items"";""silver shovel cordon"";""1""",
"Feary;""key items"";""silver mattock cordon"";""1""",
"Feary;""key items"";""""Mythril Marathon Quarterly"""";""1""",
"Feary;""key items"";""Sajj'aka's protective ward"";""1""",
"Feary;""key items"";""Peppe-Aleppe's superlative tonic"";""1""",
"Feary;""key items"";""Warrior's Path phantom gem"";""1""",
"Feary;""key items"";""map of Norg"";""1""",
"Feary;""key items"";""semi-pure aster yggzi"";""1""",
"Feary;""key items"";""Atma of the Stone God"";""1""",
"Feary;""key items"";""impure russet yggzi"";""1""",
"Feary;""key items"";""semi-pure phlox yggzi"";""1""",
"Feary;""key items"";""aster yantric planchette"";""1""",
"Feary;""key items"";""russet yantric planchette"";""1""",
"Feary;""key items"";""phlox yantric planchette"";""1""",
"Feary;""key items"";""dark Mana Orb"";""1""",
"Feary;""key items"";""mystic ice"";""1""",
"Feary;""key items"";""map of Caedarva Mire"";""1""",
"Feary;""key items"";""bundle of half-inscribed scrolls"";""1""",
"Feary;""key items"";""silvery plate"";""1""",
"Feary;""key items"";""Lerene's paten"";""1""",
"Feary;""key items"";""""Pulverizing"""";""1""",
"Feary;""key items"";""Atma of the Crushing Cudgel"";""1""",
"Feary;""key items"";""Windurst Trust permit"";""1""",
"Feary;""key items"";""Mog Kupon AW-WK"";""1""",
"Feary;""key items"";""map of the San d'Oria area"";""1""",
"Feary;""key items"";""Riptide Naakual paragon"";""1""",
"Feary;""key items"";""job gesture: black mage"";""1""",
"Feary;""key items"";""phantom gem of rage"";""1""",
"Feary;""key items"";""phantom gem of cowardice"";""1""",
"Feary;""key items"";""pair of fuzzy earmuffs"";""1""",
"Feary;""key items"";""periapt of recompense"";""1""",
"Feary;""key items"";""Stellar Fulcrum phantom gem"";""1""",
"Feary;""key items"";""Atma of Fires and Flares"";""1""",
"Feary;""key items"";""Atmacite of Unity"";""1""",
"Feary;""key items"";""""Sakura and the Magicked Net"""";""1""",
"Feary;""key items"";""phantom gem of arrogance"";""1""",
"Feary;""key items"";""fat-lined cockatrice skin"";""1""",
"Feary;""key items"";""""Ephemeral Endeavor"""";""1""",
"Feary;""key items"";""vivid periapt of adaptability"";""1""",
"Feary;""key items"";""Atma of the Shrieking One"";""1""",
"Feary;""key items"";""Atmacite of Destruction"";""1""",
"Feary;""key items"";""viridian abyssite of destiny"";""1""",
"Feary;""key items"";""Atma of the Sun Eater"";""1""",
"Feary;""key items"";""crimson abyssite of lenity"";""1""",
"Feary;""key items"";""Atma of the Full Moon"";""1""",
"Feary;""key items"";""vivid periapt of vigilance"";""1""",
"Feary;""key items"";""Atma of the Smiting Blow"";""1""",
"Feary;""key items"";""Shard of Rage"";""1""",
"Feary;""key items"";""crab caller"";""1""",
"Feary;""key items"";""Atmacite of Glaciers"";""1""",
"Feary;""key items"";""Atma of the Beyond"";""1""",
"Feary;""key items"";""""Rhapsody in Puce"""";""1""",
"Feary;""key items"";""Tavnazia warp rune"";""1""",
"Feary;""key items"";""Atma of Ambition"";""1""",
"Feary;""key items"";""""20","000 Yalms Under the Sea"""";""1"""
"Feary;""key items"";""""Black Fish of the Family"""";""1""",
"Feary;""key items"";""""Rhapsody in Ochre"""";""1""",
"Feary;""key items"";""bouquet for the pioneers"";""1""",
"Feary;""key items"";""""The Old Men of the Sea"""";""1""",
"Feary;""key items"";""Atmacite of the Assassin"";""1""",
"Feary;""key items"";""""MHMU Treatise on Fish I"""";""1""",
"Feary;""key items"";""""Anatomy of an Angler"""";""1""",
"Feary;""key items"";""""All the Ways to Skin a Carp"""";""1""",
"Feary;""key items"";""eschan nef"";""1""",
"Feary;""key items"";""""A Farewell to Freshwater"""";""1""",
"Feary;""key items"";""""MHMU Treatise on Minerals"""";""1""",
"Feary;""key items"";""Megomak's shopping list"";""1""",
"Feary;""key items"";""""The Gusgen Mines Tragedy"""";""1""",
"Feary;""key items"";""censer of acrimony"";""1""",
"Feary;""key items"";""""Take A Lode Off"""";""1""",
"Feary;""key items"";""battle trophy: 2nd echelon"";""1""",
"Feary;""key items"";""map of Dynamis - Beaucedine"";""1""",
"Feary;""key items"";""Atma of Tremors"";""1""",
"Feary;""key items"";""map of Kamihr Drifts"";""1""",
"Feary;""key items"";""ivory wing talisman"";""1""",
"Feary;""key items"";""chocobo license"";""1""",
"Feary;""key items"";""map of Dynamis - Valkurm"";""1""",
"Feary;""key items"";""job gesture: scholar"";""1""",
"Feary;""key items"";""ivory abyssite of destiny"";""1""",
"Feary;""key items"";""Ashrakk's blood sigil"";""1""",
"Feary;""key items"";""Atma of the Plaguebringer"";""1""",
"Feary;""key items"";""""Grandiloquent Groves"""";""1""",
"Feary;""key items"";""job gesture: summoner"";""1""",
"Feary;""key items"";""""Adoulin's Topiary Treasures"""";""1""",
"Feary;""key items"";""dropped item"";""1""",
"Feary;""key items"";""""Give My Regards to Reodoan"""";""1""",
"Feary;""key items"";""""MHMU Treatise on Agronomy"""";""1""",
"Feary;""key items"";""""Homesteader's Compendium"""";""1""",
"Feary;""key items"";""""Designer Farming"""";""1""",
"Feary;""key items"";""""Fields And Fertilizing"""";""1""",
"Feary;""key items"";""Celennia Memorial Library card"";""1""",
"Feary;""key items"";""Yor. FB op. materials container"";""1""",
"Feary;""key items"";""""Demolishing"""";""1""",
"Feary;""key items"";""Serpent Rumors"";""1""",
"Feary;""key items"";""Mar. FB op. materials container"";""1""",
"Feary;""key items"";""ivory abyssite of the reaper"";""1""",
"Feary;""key items"";""GPS crystal"";""1""",
"Feary;""key items"";""Cirdas eudaemon"";""1""",
"Feary;""key items"";""neutral periapt of frontiers"";""1""",
"Feary;""key items"";""bronze mattock cordon"";""1""",
"Feary;""key items"";""bowl of bland Goblin salad"";""1""",
"Feary;""key items"";""noct doublet claim slip"";""1""",
"Feary;""key items"";""ivory wing talisman"";""1""",
"Feary;""key items"";""runic kinegraver"";""1""",
"Feary;""key items"";""""Enlightened Endeavor"""";""1""",
"Feary;""key items"";""job gesture: ranger"";""1""",
"Feary;""key items"";""viridian abyssite of lenity"";""1""",
"Feary;""key items"";""""Fragmenting"""";""1""",
"Feary;""key items"";""Atmacite of Aplomb"";""1""",
"Feary;""key items"";""aged Flashfrost Naakual crest"";""1""",
"Feary;""key items"";""Dynamis - Valkurm sliver"";""1""",
"Feary;""key items"";""dented chariot shield"";""1""",
"Feary;""key items"";""Norg warp rune"";""1""",
"Feary;""key items"";""Atma of Vicissitude"";""1""",
"Feary;""key items"";""viridian abyssite of guerdon"";""1""",
"Feary;""key items"";""amber stratum abyssite II"";""1""",
"Feary;""key items"";""gladiatorial writ of summons"";""1""",
"Feary;""key items"";""crimson abyssite of destiny"";""1""",
"Feary;""key items"";""ring of supernal disjunction"";""1""",
"Feary;""key items"";""algor resilience"";""1""",
"Feary;""key items"";""white stratum abyssite VI"";""1""",
"Feary;""key items"";""gil repository"";""1""",
"Feary;""key items"";""Atma of the Dark Depths"";""1""",
"Feary;""key items"";""Atma of the Heavens"";""1""",
"Feary;""key items"";""Atma of the Brother Wolf"";""1""",
"Feary;""key items"";""Cei. FB op. materials container"";""1""",
"Feary;""key items"";""impure zaffre yggzi"";""1""",
"Feary;""key items"";""impure celadon yggzi"";""1""",
"Feary;""key items"";""resurrection retardant axe"";""1""",
"Feary;""key items"";""vivid periapt of exploration"";""1""",
"Feary;""key items"";""sheet of W. Adoulinian tunes"";""1""",
"Feary;""key items"";""Atmacite of Dark Designs"";""1""",
"Feary;""key items"";""""Rhapsody in Crimson"""";""1""",
"Feary;""key items"";""map of Abyssea - Tahrongi"";""1""",
"Feary;""key items"";""Kupofried's corundum"";""1""",
"Feary;""key items"";""map of Escha - Ru'Aun"";""1""",
"Feary;""key items"";""Atma of the Impenetrable"";""1""",
"Feary;""key items"";""Atmacite of Finesse"";""1""",
"Feary;""key items"";""Atma of the War Lion"";""1""",
"Feary;""key items"";""Atma of the Demonic Skewer"";""1""",
"Feary;""key items"";""flame-scarred skull"";""1""",
"Feary;""key items"";""zaffre yantric planchette"";""1""",
"Feary;""key items"";""ivory abyssite of fortune"";""1""",
"Feary;""key items"";""geomagnetron"";""1""",
"Feary;""key items"";""seductive petrifact"";""1""",
"Feary;""key items"";""celadon yantric planchette"";""1""",
"Feary;""key items"";""Atma of the Sand Emperor"";""1""",
"Feary;""key items"";""Atmacite of the Vanguard"";""1""",
"Feary;""key items"";""refined chair"";""1""",
"Feary;""key items"";""azure abyssite of the reaper"";""1""",
"Feary;""key items"";""""MHMU Treatise on Forestry"""";""1""",
"Feary;""key items"";""Atmacite of Assailment"";""1""",
"Feary;""key items"";""Atma of Hell's Guardian"";""1""",
"Feary;""key items"";""anti-glaciation gear"";""1""",
"Feary;""key items"";""synergy crucible"";""1""",
"Feary;""key items"";""periapt of guidance"";""1""",
"Feary;""key items"";""sheet of E. Adoulinian tunes"";""1""",
"Feary;""key items"";""Atma of the Earth Wyrm"";""1""",
"Feary;""key items"";""black matinee necklace"";""1""",
"Feary;""key items"";""blood-smeared Gigas helm"";""1""",
"Feary;""key items"";""magma mitigation set"";""1""",
"Feary;""key items"";""battle trophy: 5th echelon"";""1""",
"Feary;""key items"";""job gesture: dancer"";""1""",
"Feary;""key items"";""jade abyssite of prosperity"";""1""",
"Feary;""key items"";""Atma of the Minikin Monstrosity"";""1""",
"Feary;""key items"";""Mor. FB op. materials container"";""1""",
"Feary;""key items"";""compass of transference"";""1""",
"Feary;""key items"";""Atma of Alpha and Omega"";""1""",
"Feary;""key items"";""Atma of Eternity"";""1""",
"Feary;""key items"";""map of Wajaom Woodlands"";""1""",
"Feary;""key items"";""Atma of Purgatory"";""1""",
"Feary;""key items"";""Atma of the Einherjar"";""1""",
"Feary;""key items"";""Atma of a Future Fabulous"";""1""",
"Feary;""key items"";""calor resilience"";""1""",
"Feary;""key items"";""map of the Li'Telor region"";""1""",
"Feary;""key items"";""habitual behavior barometer"";""1""",
"Feary;""key items"";""Atmacite of Latitude"";""1""",
"Feary;""key items"";""aged Firebrand Naakual crest"";""1""",
"Feary;""key items"";""vial of translurry"";""1""",
"Feary;""key items"";""map of Yorcia Weald"";""1""",
"Feary;""key items"";""Atma of the Bludgeoning Brute"";""1""",
"Feary;""key items"";""""Final Fantasy"""";""1""",
"Feary;""key items"";""map of Dynamis - San d'Oria"";""1""",
"Feary;""key items"";""map of the Kuzotz region"";""1""",
"Feary;""key items"";""map of Dynamis - Jeuno"";""1""",
"Feary;""key items"";""map of Abyssea - Grauberg"";""1""",
"Feary;""key items"";""voidstone"";""1""",
"Feary;""key items"";""scarlet abyssite of perspicacity"";""1""",
"Feary;""key items"";""lunar abyssite"";""1""",
"Feary;""key items"";""Wood Ensorcellment"";""1""",
"Feary;""key items"";""Starway Stairway bauble"";""1""",
"Feary;""key items"";""coruscant rosary"";""1""",
"Feary;""key items"";""shaft gate operating dial"";""1""",
"Feary;""key items"";""map of Ceizak Battlegrounds"";""1""",
"Feary;""key items"";""emerald abyssite of acumen"";""1""",
"Feary;""key items"";""Atma of the Hero"";""1""",
"Feary;""key items"";""eastern vine"";""1""",
"Feary;""key items"";""sapphire abyssite of furtherance"";""1""",
"Feary;""key items"";""map of the Palborough Mines"";""1""",
"Feary;""key items"";""Kazham warp rune"";""1""",
"Feary;""key items"";""limit breaker"";""1""",
"Feary;""key items"";""map of Ifrit's Cauldron"";""1""",
"Feary;""key items"";""dusky periapt of catalysis"";""1""",
"Feary;""key items"";""Atma of Blighted Breath"";""1""",
"Feary;""key items"";""crimson stratum abyssite IV"";""1""",
"Feary;""key items"";""Selbina warp rune"";""1""",
"Feary;""key items"";""Atma of the Ascending One"";""1""",
"Feary;""key items"";""map of the Quicksand Caves"";""1""",
"Feary;""key items"";""Windurst warp rune"";""1""",
"Feary;""key items"";""Bronze Ribbon of Service ∮"";""1""",
"Feary;""key items"";""Hydra Corps Lantern"";""1""",
"Feary;""key items"";""map of the Jeuno area"";""1""",
"Feary;""key items"";""reive unity"";""1""",
"Feary;""key items"";""job gesture: puppetmaster"";""1""",
"Feary;""key items"";""Atma of the Winged Enigma"";""1""",
"Feary;""key items"";""vivid periapt of intensity"";""1""",
"Feary;""key items"";""dusky periapt of focus"";""1""",
"Feary;""key items"";""Atma of the Noxious Fang"";""1""",
"Feary;""key items"";""lost article"";""1""",
"Feary;""key items"";""voidstone"";""1""",
"Feary;""key items"";""Atma of the Murky Miasma"";""1""",
"Feary;""key items"";""vivid periapt of catalysis"";""1""",
"Feary;""key items"";""Atma of the Azure Sky"";""1""",
"Feary;""key items"";""""Water"," Water Everywhere!"""";""1"""
"Feary;""key items"";""Atma of the Persistent Predator"";""1""",
"Feary;""key items"";""Atma of the Rescuer"";""1""",
"Feary;""key items"";""vacant bugard eye"";""1""",
"Feary;""key items"";""Atma of the Drifter"";""1""",
"Feary;""key items"";""semi-pure zaffre yggzi"";""1""",
"Feary;""key items"";""Atma of the Lone Wolf"";""1""",
"Feary;""key items"";""""Logging"""";""1""",
"Feary;""key items"";""paresis resilience"";""1""",
"Feary;""key items"";""Adoulinian charter permit"";""1""",
"Feary;""key items"";""luxuriant manticore mane"";""1""",
"Feary;""key items"";""map of Nashmau"";""1""",
"Feary;""key items"";""map of Beadeaux"";""1""",
"Feary;""key items"";""consummate simulacrum"";""1""",
"Feary;""key items"";""ivory abyssite of kismet"";""1""",
"Feary;""key items"";""Parradamo supply pack"";""1""",
"Feary;""key items"";""abyssite of discernment"";""1""",
"Feary;""key items"";""sapphire abyssite of lenity"";""1""",
"Feary;""key items"";""restrainment resilience"";""1""",
"Feary;""key items"";""map of Foret de Hennetiel"";""1""",
"Feary;""key items"";""Brand of the Galeserpent"";""1""",
"Feary;""key items"";""Atma of the Heir"";""1""",
"Feary;""key items"";""Atma of the Tusked Terror"";""1""",
"Feary;""key items"";""aged Undying Naakual crest"";""1""",
"Feary;""key items"";""crest of Davoi"";""1""",
"Feary;""key items"";""runic disc"";""1""",
"Feary;""key items"";""Atmacite of the Valiant"";""1""",
"Feary;""key items"";""aged Booming Naakual crest"";""1""",
"Feary;""key items"";""map of Woh Gates"";""1""",
"Feary;""key items"";""F.A.I.L. badge"";""1""",
"Feary;""key items"";""Atma of the Demonic Lash"";""1""",
"Feary;""key items"";""sapphire abyssite of merit"";""1""",
"Feary;""key items"";""Atma of the Bushin"";""1""",
"Feary;""key items"";""dusky periapt of concord"";""1""",
"Feary;""key items"";""turbid slime oil"";""1""",
"Feary;""key items"";""concordoll"";""1""",
"Feary;""key items"";""map of Abyssea - Vunkerl"";""1""",
"Feary;""key items"";""Pioneer's Badge"";""1""",
"Feary;""key items"";""Atma of Luminous Wings"";""1""",
"Feary;""key items"";""periapt of emergence"";""1""",
"Feary;""key items"";""grimoire page"";""1""",
"Feary;""key items"";""map of Al Zahbi"";""1""",
"Feary;""key items"";""ivory abyssite of prosperity"";""1""",
"Feary;""key items"";""Atma of Dunes"";""1""",
"Feary;""key items"";""southern vine"";""1""",
"Feary;""key items"";""map of Reisenjima"";""1""",
"Feary;""key items"";""Atma of the Sellsword"";""1""",
"Feary;""key items"";""Kupofried's corundum"";""1""",
"Feary;""key items"";""clairvoy ant"";""1""",
"Feary;""key items"";""Atma of Gales"";""1""",
"Feary;""key items"";""map of Davoi"";""1""",
"Feary;""key items"";""northern vine"";""1""",
"Feary;""key items"";""hyacinth stratum abyssite II"";""1""",
"Feary;""key items"";""scarlet abyssite of furtherance"";""1""",
"Feary;""key items"";""vivid periapt of focus"";""1""",
"Feary;""key items"";""decaying diremite fang"";""1""",
"Feary;""key items"";""Atma of the Clawed Butterfly"";""1""",
"Feary;""key items"";""map of Ghelsba"";""1""",
"Feary;""key items"";""dusky periapt of readiness"";""1""",
"Feary;""key items"";""starlight Voidwatcher's emblem"";""1""",
"Feary;""key items"";""job gesture: corsair"";""1""",
"Feary;""key items"";""Voidwatcher's emblem: Qufim"";""1""",
"Feary;""key items"";""Voidwatcher's emblem: Jeuno"";""1""",
"Feary;""key items"";""fallow-colored seal"";""1""",
"Feary;""key items"";""crimson abyssite of celerity"";""1""",
"Feary;""key items"";""cerulean crystal"";""1""",
"Feary;""key items"";""Atma of the Endless Nightmare"";""1""",
"Feary;""key items"";""luopan"";""1""",
"Feary;""key items"";""Atma of the Raised Tail"";""1""",
"Feary;""key items"";""Boltmaker"";""1""",
"Feary;""key items"";""Pso'Xja pass"";""1""",
"Feary;""key items"";""Atmacite of Exhortation"";""1""",
"Feary;""key items"";""Anglers' Almanac"";""1""",
"Feary;""key items"";""Brand of the Stoneserpent"";""1""",
"Feary;""key items"";""Frog Fishing"";""1""",
"Feary;""key items"";""custom armor (♂) claim slip"";""1""",
"Feary;""key items"";""map of Ra'Kaznar"";""1""",
"Feary;""key items"";""aged Ligneous Naakual crest"";""1""",
"Feary;""key items"";""loadstone"";""1""",
"Feary;""key items"";""Atmacite of Preservation"";""1""",
"Feary;""key items"";""map of Sih Gates"";""1""",
"Feary;""key items"";""map of Marjami Ravine"";""1""",
"Feary;""key items"";""Tear of Altana"";""1""",
"Feary;""key items"";""barge multi-ticket"";""1""",
"Feary;""key items"";""map of Bibiki Bay"";""1""",
"Feary;""key items"";""map of Yahse Hunting Grounds"";""1""",
"Feary;""key items"";""Magian trial log"";""1""",
"Feary;""key items"";""Atma of the Blinding Horn"";""1""",
"Feary;""key items"";""map of Dynamis - Qufim"";""1""",
"Feary;""key items"";""job gesture: beastmaster"";""1""",
"Feary;""key items"";""vivid periapt of readiness"";""1""",
"Feary;""key items"";""map of Abyssea - Uleguerand"";""1""",
"Feary;""key items"";""map of Abyssea - Altepa"";""1""",
"Feary;""key items"";""monarch beard"";""1""",
"Feary;""key items"";""map of Abyssea - La Theine"";""1""",
"Feary;""key items"";""map of Bhaflau Thickets"";""1""",
"Feary;""key items"";""sapphire abyssite of sojourn"";""1""",
"Feary;""key items"";""San d'Oria warp rune"";""1""",
"Feary;""key items"";""Atmacite of Incursion"";""1""",
"Feary;""key items"";""map of Halvung"";""1""",
"Feary;""key items"";""map of Mamook"";""1""",
"Feary;""key items"";""map of the Boyahda Tree"";""1""",
"Feary;""key items"";""whisper of tides"";""1""",
"Feary;""key items"";""map of Mount Zhayolm"";""1""",
"Feary;""key items"";""Atma of the Would-Be King"";""1""",
"Feary;""key items"";""brier-proof net"";""1""",
"Feary;""key items"";""Atma of the Twin Claw"";""1""",
"Feary;""key items"";""silver astrarium"";""1""",
"Feary;""key items"";""map of the Kuftal Tunnel"";""1""",
"Feary;""key items"";""Atma of the Scorpion Queen"";""1""",
"Feary;""key items"";""emerald abyssite of sojourn"";""1""",
"Feary;""key items"";""vermillion abyssite of kismet"";""1""",
"Feary;""key items"";""indigo abyssite of confluence"";""1""",
"Feary;""key items"";""periapt of sapience"";""1""",
"Feary;""key items"";""knight's confession"";""1""",
"Feary;""key items"";""pouch of weighted stones"";""1""",
"Feary;""key items"";""map of Moh Gates"";""1""",
"Feary;""key items"";""ivory abyssite of expertise"";""1""",
"Feary;""key items"";""jade abyssite of expertise"";""1""",
"Feary;""key items"";""Atmacite of the Tropics"";""1""",
"Feary;""key items"";""lightsworm"";""1""",
"Feary;""key items"";""Atmacite of Rapidity"";""1""",
"Feary;""key items"";""Atmacite of the Depths"";""1""",
"Feary;""key items"";""map of the Elshimo regions"";""1""",
"Feary;""key items"";""fake moustache"";""1""",
"Feary;""key items"";""Atma of the Glutinous Ooze"";""1""",
"Feary;""key items"";""Dynamis - Buburimu sliver"";""1""",
"Feary;""key items"";""♪Beetle companion"";""1""",
"Feary;""key items"";""Monarch Linn Patrol Permit"";""1""",
"Feary;""key items"";""silver bell"";""1""",
"Feary;""key items"";""Adventurer's Certificate"";""1""",
"Feary;""key items"";""Orb of Batons"";""1""",
"Feary;""key items"";""Puppet in Peril phantom gem"";""1""",
"Feary;""key items"";""Angelica's autograph"";""1""",
"Feary;""key items"";""message from Yoyoroon"";""1""",
"Feary;""key items"";""ivory abyssite of furtherance"";""1""",
"Feary;""key items"";""Atma of the Untouched"";""1""",
"Feary;""key items"";""jade abyssite of sojourn"";""1""",
"Feary;""key items"";""map of the Ru'Aun Gardens"";""1""",
"Feary;""key items"";""Atmacite of Provenance"";""1""",
"Feary;""key items"";""tuning fork of wind"";""1""",
"Feary;""key items"";""miasmal counteragent recipe"";""1""",
"Feary;""key items"";""scarlet abyssite of sojourn"";""1""",
"Feary;""key items"";""Atma of the Stormbird"";""1""",
"Feary;""key items"";""Rala simulacrum"";""1""",
"Feary;""key items"";""Atma of Thrashing Tendrils"";""1""",
"Feary;""key items"";""Brand of the Skyserpent"";""1""",
"Feary;""key items"";""Atmacite of the Parapet"";""1""",
"Feary;""key items"";""Atmacite of Cataphract"";""1""",
"Feary;""key items"";""Atma of the Foe Flayer"";""1""",
"Feary;""key items"";""map of Delkfutt's Tower"";""1""",
"Feary;""key items"";""Atma of the Impregnable Tower"";""1""",
"Feary;""key items"";""chunk of smoked Goblin grub"";""1""",
"Feary;""key items"";""crimson abyssite of confluence"";""1""",
"Feary;""key items"";""vivid periapt of concentration"";""1""",
"Feary;""key items"";""Atma of Calamity"";""1""",
"Feary;""key items"";""vivid periapt of frontiers"";""1""",
"Feary;""key items"";""Atma of the Omnipotent"";""1""",
"Feary;""key items"";""map of Ve'Lugannon Palace"";""1""",
"Feary;""key items"";""aged Riptide Naakual crest"";""1""",
"Feary;""key items"";""Atma of the Mounted Champion"";""1""",
"Feary;""key items"";""traverser stone"";""1""",
"Feary;""key items"";""map of the Vollbow region"";""1""",
"Feary;""key items"";""map of the Garlaige Citadel"";""1""",
"Feary;""key items"";""whisper of the moon"";""1""",
"Feary;""key items"";""Atmacite of the Adamant"";""1""",
"Feary;""key items"";""Atmacite of Skyblaze"";""1""",
"Feary;""key items"";""job gesture: red mage"";""1""",
"Feary;""key items"";""Atma of the Avaricious Ape"";""1""",
"Feary;""key items"";""map of Sea Serpent Grotto"";""1""",
"Feary;""key items"";""variegated uragnite shell"";""1""",
"Feary;""key items"";""map of Carpenters' Landing"";""1""",
"Feary;""key items"";""ivory abyssite of guerdon"";""1""",
"Feary;""key items"";""Atma of the Stout Arm"";""1""",
"Feary;""key items"";""map of the Crawlers' Nest"";""1""",
"Feary;""key items"";""ferry ticket"";""1""",
"Feary;""key items"";""ivory abyssite of confluence"";""1""",
"Feary;""key items"";""Wood Purification"";""1""",
"Feary;""key items"";""Brand of the Springserpent"";""1""",
"Feary;""key items"";""map of the Korroloka Tunnel"";""1""",
"Feary;""key items"";""Atma of the Harvester"";""1""",
"Feary;""key items"";""Mhaura warp rune"";""1""",
"Feary;""key items"";""Atmacite of Mysticism"";""1""",
"Feary;""key items"";""map of Escha - Zi'Tah"";""1""",
"Feary;""key items"";""Atmacite of Coercion"";""1""",
"Feary;""key items"";""Atmacite of Discipline"";""1""",
"Feary;""key items"";""Atma of the Noxious Bloom"";""1""",
"Feary;""key items"";""Atmacite of Temperance"";""1""",
"Feary;""key items"";""map of Arrapago Reef"";""1""",
"Feary;""key items"";""dusky periapt of frontiers"";""1""",
"Feary;""key items"";""Parradamo supply pack"";""1""",
"Feary;""key items"";""Atma of the Dragon Rider"";""1""",
"Feary;""key items"";""Atmacite of Onslaught"";""1""",
"Feary;""key items"";""Atmacite of Eminence"";""1""",
"Feary;""key items"";""Atmacite of Persistence"";""1""",
"Feary;""key items"";""ivory abyssite of acumen"";""1""",
"Feary;""key items"";""map of Castle Zvahl"";""1""",
"Feary;""key items"";""map of the Gusgen Mines"";""1""",
"Feary;""key items"";""airship pass"";""1""",
"Feary;""key items"";""indigo abyssite of merit"";""1""",
"Feary;""key items"";""jade stratum abyssite IV"";""1""",
"Feary;""key items"";""job gesture: ninja"";""1""",
"Feary;""key items"";""vivid periapt of prudence"";""1""",
"Feary;""key items"";""Atma of Baleful Bones"";""1""",
"Feary;""key items"";""dusky periapt of vigilance"";""1""",
"Feary;""key items"";""map of Fei'Yin"";""1""",
"Feary;""key items"";""letter from Zeid"";""1""",
"Feary;""key items"";""glittering pixie choker"";""1""",
"Feary;""key items"";""astral compass"";""1""",
"Feary;""key items"";""dusky periapt of adaptability"";""1""",
"Feary;""key items"";""Parradamo supply pack"";""1""",
"Feary;""key items"";""Kupofried's medallion"";""1""",
"Feary;""key items"";""map of Dynamis - Bastok"";""1""",
"Feary;""key items"";""luminous yellow fragment"";""1""",
"Feary;""key items"";""periapt of clarity"";""1""",
"Feary;""key items"";""Silver Sea salt"";""1""",
"Feary;""key items"";""toxin resilience"";""1""",
"Feary;""key items"";""Yhoator gate crystal"";""1""",
"Feary;""key items"";""Brand of Twilight"";""1""",
"Feary;""key items"";""distended chigoe abdomen"";""1""",
"Feary;""key items"";""dusky periapt of glory"";""1""",
"Feary;""key items"";""map of Qufim Island"";""1""",
"Feary;""key items"";""Hydra Corps Tactical Map"";""1""",
"Feary;""key items"";""pure white feather"";""1""",
"Feary;""key items"";""map of the Bastok area"";""1""",
"Feary;""key items"";""Brand of Dawn"";""1""",
"Feary;""key items"";""azure abyssite of prosperity"";""1""",
"Feary;""key items"";""abyssal wyrm memento"";""1""",
"Feary;""key items"";""voidstone"";""1""",
"Feary;""key items"";""map of Dynamis - Windurst"";""1""",
"Feary;""key items"";""semi-pure russet yggzi"";""1""",
"Feary;""key items"";""map of the Windurst area"";""1""",
"Feary;""key items"";""indigo abyssite of the reaper"";""1""",
"Feary;""key items"";""reliquiarium key"";""1""",
"Feary;""key items"";""Hydra Corps Eyeglass"";""1""",
"Feary;""key items"";""map of Alzadaal Ruins"";""1""",
"Feary;""key items"";""image recorder"";""1""",
"Feary;""key items"";""Parradamo supply pack"";""1""",
"Feary;""key items"";""weapons order"";""1""",
"Feary;""key items"";""Atma of the Shimmering Shell"";""1""",
"Feary;""key items"";""dusky periapt of exploration"";""1""",
"Feary;""key items"";""map of the Maze of Shakhrami"";""1""",
"Feary;""key items"";""Tonberry key"";""1""",
"Feary;""key items"";""dusky periapt of intensity"";""1""",
"Feary;""key items"";""archducal audience permit"";""1""",
"Feary;""key items"";""map of the Eldieme Necropolis"";""1""",
"Feary;""key items"";""Atma of the Impaler"";""1""",
"Feary;""key items"";""mossy adamantoise shell"";""1""",
"Feary;""key items"";""whisper of the Wyrmking"";""1""",
"Feary;""key items"";""Brunhilde's feather"";""1""",
"Feary;""key items"";""map of Dho Gates"";""1""",
"Feary;""key items"";""Lumberjack"";""1""",
"Feary;""key items"";""Atmacite of Preparedness"";""1""",
"Feary;""key items"";""manaclipper multi-ticket"";""1""",
"Feary;""key items"";""paintbrush of souls"";""1""",
"Feary;""key items"";""Atma of the Crimson Scale"";""1""",
"Feary;""key items"";""impure alizarin yggzi"";""1""",
"Feary;""key items"";""Atma of the Ducal Guard"";""1""",
"Feary;""key items"";""Atma of the Master Crafter"";""1""",
"Feary;""key items"";""Atma of the Ultimate"";""1""",
"Feary;""key items"";""traverser stone"";""1""",
"Feary;""key items"";""battle trophy: 4th echelon"";""1""",
"Feary;""key items"";""prismatic hourglass"";""1""",
"Feary;""key items"";""Nyzul Isle Assault orders"";""1""",
"Feary;""key items"";""traverser stone"";""1""",
"Feary;""key items"";""Kupofried's corundum"";""1""",
"Feary;""key items"";""Yagudo torch"";""1""",
"Feary;""key items"";""Mark of Zahak"";""1""",
"Feary;""key items"";""censer of antipathy"";""1""",
"Feary;""key items"";""jug of greasy Goblin juice"";""1""",
"Feary;""key items"";""Atma of Allure"";""1""",
"Feary;""key items"";""Carbuncle's Tear"";""1""",
"Feary;""key items"";""venomous peiste claw"";""1""",
"Feary;""key items"";""Atma of the Gnarled Horn"";""1""",
"Feary;""key items"";""Holla gate crystal"";""1""",
"Feary;""key items"";""gold-colored seal"";""1""",
"Feary;""key items"";""ferromantoise memento"";""1""",
"Feary;""key items"";""emerald abyssite of fortune"";""1""",
"Feary;""key items"";""pair of Velkk gloves"";""1""",
"Feary;""key items"";""Shard of Envy"";""1""",
"Feary;""key items"";""emerald abyssite of expertise"";""1""",
"Feary;""key items"";""beguiling petrifact"";""1""",
"Feary;""key items"";""Atma of the Sanguine Scythe"";""1""",
"Feary;""key items"";""map of Adoulin"";""1""",
"Feary;""key items"";""lunar abyssite"";""1""",
"Feary;""key items"";""azure abyssite of celerity"";""1""",
"Feary;""key items"";""map of Abyssea - Konschtat"";""1""",
"Feary;""key items"";""""Sakura and the Holy Grail"""";""1""",
"Feary;""key items"";""job gesture: white mage"";""1""",
"Feary;""key items"";""rusted chariot gear"";""1""",
"Feary;""key items"";""Savage's phantom gem"";""1""",
"Feary;""key items"";""censer of abandonment"";""1""",
"Feary;""key items"";""map of Morimar Basalt Fields"";""1""",
"Feary;""key items"";""sodden sandworm husk"";""1""",
"Feary;""key items"";""Brand of the Flameserpent"";""1""",
"Feary;""key items"";""Atma of the Sundering Slash"";""1""",
"Feary;""key items"";""gory scorpion claw"";""1""",
"Feary;""key items"";""Seedspall Caerulum"";""1""",
"Feary;""key items"";""watercraft"";""1""",
"Feary;""key items"";""ivory abyssite of merit"";""1""",
"Feary;""key items"";""whisper of flames"";""1""",
"Feary;""key items"";""viridian abyssite of merit"";""1""",
"Feary;""key items"";""Dynamis - Qufim sliver"";""1""",
"Feary;""key items"";""Atma of a Thousand Needles"";""1""",
"Feary;""key items"";""Hydra Corps Command Scepter"";""1""",
"Feary;""key items"";""job gesture: warrior"";""1""",
"Feary;""key items"";""indigo abyssite of lenity"";""1""",
"Feary;""key items"";""Head Wind phantom gem"";""1""",
"Feary;""key items"";""memo found in Rala Waterways"";""1""",
"Feary;""key items"";""Bastok Trust permit"";""1""",
"Feary;""key items"";""job gesture: dragoon"";""1""",
"Feary;""key items"";""Cyan Deep salt"";""1""",
"Feary;""key items"";""job gesture: blue mage"";""1""",
"Feary;""key items"";""vermillion abyssite of guerdon"";""1""",
"Feary;""key items"";""""Tales from the Tunnel"""";""1""",
